id,标题,成交日期,链接
105114910484,龙岭山庄 2室1厅 68.86平米,2025.02.04,https://sz.lianjia.com/chengjiao/105114910484.html
105115388139,科技园五十八区 2室1厅 84.63平米,2025.02.04,https://sz.lianjia.com/chengjiao/105115388139.html
105115309289,金地龙城中央三期 1室1厅 43.31平米,2025.02.04,https://sz.lianjia.com/chengjiao/105115309289.html
105118827989,万科云城 2室2厅 62.26平米,2025.02.03,https://sz.lianjia.com/chengjiao/105118827989.html
105114617413,锦林新居 3室2厅 105.17平米,2025.02.03,https://sz.lianjia.com/chengjiao/105114617413.html
105119192738,宇宏健康花城 3室1厅 89.28平米,2025.02.02,https://sz.lianjia.com/chengjiao/105119192738.html
105119554846,友邻公寓 1室0厅 30平米,2025.01.31,https://sz.lianjia.com/chengjiao/105119554846.html
105119531835,桃源村一期 3室2厅 71.44平米,2025.01.31,https://sz.lianjia.com/chengjiao/105119531835.html
105103399672,壹海城四区 1室1厅 51.46平米,2025.01.27,https://sz.lianjia.com/chengjiao/105103399672.html
105117375961,龙珠花园A区 3室2厅 92.21平米,2025.01.26,https://sz.lianjia.com/chengjiao/105117375961.html
105118086986,富通蟠龙居 3室2厅 95.74平米,2025.01.26,https://sz.lianjia.com/chengjiao/105118086986.html
105116233800,君临海域 4室2厅 220.05平米,2025.01.26,https://sz.lianjia.com/chengjiao/105116233800.html
105118353335,卓越城市中心花园 3室2厅 130.75平米,2025.01.26,https://sz.lianjia.com/chengjiao/105118353335.html
105118735841,育德佳园 4室1厅 140.5平米,2025.01.26,https://sz.lianjia.com/chengjiao/105118735841.html
105114771255,佳兆业大都汇 2室1厅 74.74平米,2025.01.26,https://sz.lianjia.com/chengjiao/105114771255.html
105114668524,湖滨花园 2室2厅 70平米,2025.01.26,https://sz.lianjia.com/chengjiao/105114668524.html
105117559035,大中华汇展阁 1室0厅 43.36平米,2025.01.26,https://sz.lianjia.com/chengjiao/105117559035.html
105119468991,蔚蓝海岸1期 3室2厅 81.18平米,2025.01.26,https://sz.lianjia.com/chengjiao/105119468991.html
105119228614,畔山花园 2室1厅 77.55平米,2025.01.25,https://sz.lianjia.com/chengjiao/105119228614.html
105113089771,流塘阳光花园 2室1厅 46.81平米,2025.01.25,https://sz.lianjia.com/chengjiao/105113089771.html
105118691370,龙园创展大厦  1室1厅 43.98平米,2025.01.25,https://sz.lianjia.com/chengjiao/105118691370.html
105112379218,华民大厦 2室1厅 65.43平米,2025.01.25,https://sz.lianjia.com/chengjiao/105112379218.html
105116452534,桑达雅苑 1室1厅 52.85平米,2025.01.25,https://sz.lianjia.com/chengjiao/105116452534.html
105118902718,海丽大厦 3室2厅 101.86平米,2025.01.25,https://sz.lianjia.com/chengjiao/105118902718.html
105119524365,颐湾府 3室2厅 122平米,2025.01.25,https://sz.lianjia.com/chengjiao/105119524365.html
105110484506,名家富居 4室2厅 121.13平米,2025.01.24,https://sz.lianjia.com/chengjiao/105110484506.html
105118617328,蜜园 2室2厅 60.52平米,2025.01.24,https://sz.lianjia.com/chengjiao/105118617328.html
105119342187,万科四季花城一期 3室1厅 80.91平米,2025.01.24,https://sz.lianjia.com/chengjiao/105119342187.html
105118728065,城市山林 3室2厅 123.72平米,2025.01.24,https://sz.lianjia.com/chengjiao/105118728065.html
105119076391,花语岸 2室2厅 74.95平米,2025.01.24,https://sz.lianjia.com/chengjiao/105119076391.html
105105390249,碧桐海苑 2室2厅 71.03平米,2025.01.24,https://sz.lianjia.com/chengjiao/105105390249.html
105119322327,南天二花园 3室2厅 94.68平米,2025.01.24,https://sz.lianjia.com/chengjiao/105119322327.html
105119134879,中兆花园 3室1厅 62.35平米,2025.01.24,https://sz.lianjia.com/chengjiao/105119134879.html
105118542163,深华园南山区 1室1厅 33.81平米,2025.01.24,https://sz.lianjia.com/chengjiao/105118542163.html
105119515693,玺玥麓坊 3室2厅 95.36平米,2025.01.24,https://sz.lianjia.com/chengjiao/105119515693.html
105118446770,七街公馆 1室1厅 42.53平米,2025.01.24,https://sz.lianjia.com/chengjiao/105118446770.html
105119393550,龙光玖龙台 1室1厅 43.13平米,2025.01.24,https://sz.lianjia.com/chengjiao/105119393550.html
105115858871,海关大院 2室1厅 65平米,2025.01.24,https://sz.lianjia.com/chengjiao/105115858871.html
105116305030,星河世纪 1室1厅 44.23平米,2025.01.23,https://sz.lianjia.com/chengjiao/105116305030.html
105119215380,建设集团宿舍 2室1厅 78平米,2025.01.23,https://sz.lianjia.com/chengjiao/105119215380.html
105118717164,花果山小区 2室1厅 57.5平米,2025.01.23,https://sz.lianjia.com/chengjiao/105118717164.html
105115640944,益田村 4室2厅 92.53平米,2025.01.23,https://sz.lianjia.com/chengjiao/105115640944.html
105119025231,THETOWN乐城 2室2厅 79.8平米,2025.01.23,https://sz.lianjia.com/chengjiao/105119025231.html
105115436179,壹锦园 3室2厅 87.27平米,2025.01.23,https://sz.lianjia.com/chengjiao/105115436179.html
105118834231,金城华庭 3室2厅 78.54平米,2025.01.23,https://sz.lianjia.com/chengjiao/105118834231.html
105118563816,信义荔山公馆 2室2厅 72.46平米,2025.01.23,https://sz.lianjia.com/chengjiao/105118563816.html
105118327141,73区 3室2厅 93.36平米,2025.01.23,https://sz.lianjia.com/chengjiao/105118327141.html
105118266162,福海苑 2室1厅 61.33平米,2025.01.23,https://sz.lianjia.com/chengjiao/105118266162.html
105119424686,时尚新居 2室1厅 54.4平米,2025.01.23,https://sz.lianjia.com/chengjiao/105119424686.html
105118437844,华业玫瑰郡 3室2厅 85.81平米,2025.01.23,https://sz.lianjia.com/chengjiao/105118437844.html
105119225991,远洋新干线晶钻广场 1室1厅 31.97平米,2025.01.23,https://sz.lianjia.com/chengjiao/105119225991.html
105113994838,宝田雅苑 1室0厅 30.9平米,2025.01.23,https://sz.lianjia.com/chengjiao/105113994838.html
105119418931,云顶天海 1室1厅 55平米,2025.01.23,https://sz.lianjia.com/chengjiao/105119418931.html
105118661246,尚书苑 1室0厅 34.11平米,2025.01.23,https://sz.lianjia.com/chengjiao/105118661246.html
105110908617,中海怡翠山庄三期 5室1厅 95.16平米,2025.01.23,https://sz.lianjia.com/chengjiao/105110908617.html
105119005811,加福广场华尔登府邸 1室1厅 40.86平米,2025.01.22,https://sz.lianjia.com/chengjiao/105119005811.html
105115282979,佳兆业中央广场三期 4室2厅 139.67平米,2025.01.22,https://sz.lianjia.com/chengjiao/105115282979.html
105119467753,佳兆业悦峰 3室2厅 84.56平米,2025.01.22,https://sz.lianjia.com/chengjiao/105119467753.html
105115919755,鹏盛村 2室1厅 57.78平米,2025.01.22,https://sz.lianjia.com/chengjiao/105115919755.html
105118886235,园岭新村 2室2厅 75.52平米,2025.01.22,https://sz.lianjia.com/chengjiao/105118886235.html
105108144882,国都高尔夫花园二期 3室1厅 79.82平米,2025.01.22,https://sz.lianjia.com/chengjiao/105108144882.html
105119513581,南油B区 1室0厅 34.38平米,2025.01.22,https://sz.lianjia.com/chengjiao/105119513581.html
105118713951,菁英趣庭 3室2厅 73.74平米,2025.01.22,https://sz.lianjia.com/chengjiao/105118713951.html
105114349797,中海半山溪谷花园 2室2厅 70.79平米,2025.01.22,https://sz.lianjia.com/chengjiao/105114349797.html
105117975516,吉祥里 4室2厅 87.11平米,2025.01.22,https://sz.lianjia.com/chengjiao/105117975516.html
105118623743,丹枫雅苑 1室2厅 48.71平米,2025.01.22,https://sz.lianjia.com/chengjiao/105118623743.html
105118451577,鹏盛村 1室0厅 38.82平米,2025.01.22,https://sz.lianjia.com/chengjiao/105118451577.html
105119420363,陶然居 1室1厅 31.67平米,2025.01.22,https://sz.lianjia.com/chengjiao/105119420363.html
105114809843,佳华名苑 2室1厅 61.88平米,2025.01.22,https://sz.lianjia.com/chengjiao/105114809843.html
105119527472,鸿翔花园 1室0厅 35平米,2025.01.22,https://sz.lianjia.com/chengjiao/105119527472.html
105119409081,花好园 1室0厅 31.22平米,2025.01.22,https://sz.lianjia.com/chengjiao/105119409081.html
105117187525,新亚洲花园 7室3厅 238.86平米,2025.01.22,https://sz.lianjia.com/chengjiao/105117187525.html
105118041365,嘉宝田花园 3室2厅 83.8平米,2025.01.21,https://sz.lianjia.com/chengjiao/105118041365.html
105118550098,金地上塘道二期 2室2厅 36.99平米,2025.01.21,https://sz.lianjia.com/chengjiao/105118550098.html
105116098700,振业城一期 5室2厅 177.85平米,2025.01.21,https://sz.lianjia.com/chengjiao/105116098700.html
105118863053,中城康桥花园一期 2室1厅 66.93平米,2025.01.21,https://sz.lianjia.com/chengjiao/105118863053.html
105113391830,万科第五园五期 1室1厅 42.29平米,2025.01.21,https://sz.lianjia.com/chengjiao/105113391830.html
105119251712,阳光里 2室1厅 44.85平米,2025.01.21,https://sz.lianjia.com/chengjiao/105119251712.html
105118973497,深业泰然观澜玫瑰苑 2室2厅 72.78平米,2025.01.21,https://sz.lianjia.com/chengjiao/105118973497.html
105117282988,皇庭世纪 3室2厅 103.45平米,2025.01.21,https://sz.lianjia.com/chengjiao/105117282988.html
105117710331,东方新地 1室1厅 43.8平米,2025.01.21,https://sz.lianjia.com/chengjiao/105117710331.html
105119539849,天玺1号 3室2厅 68.12平米,2025.01.21,https://sz.lianjia.com/chengjiao/105119539849.html
105117323261,新鸿花园 1室1厅 43.26平米,2025.01.21,https://sz.lianjia.com/chengjiao/105117323261.html
105117892029,财富港大厦 2室1厅 42.1平米,2025.01.21,https://sz.lianjia.com/chengjiao/105117892029.html
105119254718,特力大厦 1室1厅 44.18平米,2025.01.21,https://sz.lianjia.com/chengjiao/105119254718.html
105118684415,波托菲诺纯水岸四期 4室2厅 216.31平米,2025.01.21,https://sz.lianjia.com/chengjiao/105118684415.html
105119198248,雷圳碧榕湾海景花园 1室1厅 40.48平米,2025.01.21,https://sz.lianjia.com/chengjiao/105119198248.html
105116861499,御峰园 4室2厅 91.31平米,2025.01.21,https://sz.lianjia.com/chengjiao/105116861499.html
105118615988,朗庭豪园 3室2厅 105.13平米,2025.01.21,https://sz.lianjia.com/chengjiao/105118615988.html
105118461022,潜龙曼海宁花园南区 3室1厅 87.8平米,2025.01.21,https://sz.lianjia.com/chengjiao/105118461022.html
105119217419,万科城三期 4室2厅 143.07平米,2025.01.21,https://sz.lianjia.com/chengjiao/105119217419.html
105119475645,景蜜村 3室2厅 86.54平米,2025.01.21,https://sz.lianjia.com/chengjiao/105119475645.html
105113100753,城投青莲公寓 1室1厅 43.92平米,2025.01.21,https://sz.lianjia.com/chengjiao/105113100753.html
105118596500,鼎太风华二期 3室2厅 96.33平米,2025.01.21,https://sz.lianjia.com/chengjiao/105118596500.html
105119433588,招商玺家园 2室2厅 127.13平米,2025.01.21,https://sz.lianjia.com/chengjiao/105119433588.html
105119370633,恒冠豪园 4室2厅 113.14平米,2025.01.21,https://sz.lianjia.com/chengjiao/105119370633.html
105114564469,东埔海景花园一期 2室1厅 83.28平米,2025.01.21,https://sz.lianjia.com/chengjiao/105114564469.html
105119077932,桐林公寓 2室1厅 54.22平米,2025.01.21,https://sz.lianjia.com/chengjiao/105119077932.html
105119345383,诺德假日花园 3室2厅 79.25平米,2025.01.21,https://sz.lianjia.com/chengjiao/105119345383.html
105119255952,佳兆业大都汇 2室2厅 59.62平米,2025.01.21,https://sz.lianjia.com/chengjiao/105119255952.html
105119164502,冠城世家 3室2厅 118.85平米,2025.01.20,https://sz.lianjia.com/chengjiao/105119164502.html
105118138328,光明大第 4室2厅 88.49平米,2025.01.20,https://sz.lianjia.com/chengjiao/105118138328.html
105116368443,金城华庭 2室1厅 50.67平米,2025.01.20,https://sz.lianjia.com/chengjiao/105116368443.html
105117670655,竹园小区 4室0厅 64.9平米,2025.01.20,https://sz.lianjia.com/chengjiao/105117670655.html
105119126296,海珑华苑 1室1厅 44.8平米,2025.01.20,https://sz.lianjia.com/chengjiao/105119126296.html
105118454657,中粮祥云 2室1厅 75平米,2025.01.20,https://sz.lianjia.com/chengjiao/105118454657.html
105110320220,金域豪庭三期 1室1厅 47.91平米,2025.01.20,https://sz.lianjia.com/chengjiao/105110320220.html
105119532303,阅山华府 5室2厅 57.28平米,2025.01.20,https://sz.lianjia.com/chengjiao/105119532303.html
105116433807,光大村 1室0厅 32.06平米,2025.01.20,https://sz.lianjia.com/chengjiao/105116433807.html
105118330160,锦绣江南二期 3室2厅 99.44平米,2025.01.20,https://sz.lianjia.com/chengjiao/105118330160.html
105118620000,阅山华府 5室2厅 145.14平米,2025.01.20,https://sz.lianjia.com/chengjiao/105118620000.html
105117996376,天悦龙庭二期 3室2厅 126.46平米,2025.01.20,https://sz.lianjia.com/chengjiao/105117996376.html
105119053550,华盛西荟城4期 2室2厅 68.69平米,2025.01.20,https://sz.lianjia.com/chengjiao/105119053550.html
105119067635,财富城 4室2厅 91.68平米,2025.01.20,https://sz.lianjia.com/chengjiao/105119067635.html
105116550916,锦缘里嘉园 2室1厅 59.44平米,2025.01.20,https://sz.lianjia.com/chengjiao/105116550916.html
105114507079,世纪村二期 3室2厅 90.73平米,2025.01.20,https://sz.lianjia.com/chengjiao/105114507079.html
105115368704,万科红四期 3室1厅 89.07平米,2025.01.20,https://sz.lianjia.com/chengjiao/105115368704.html
105113234833,御峰园 4室2厅 115.85平米,2025.01.20,https://sz.lianjia.com/chengjiao/105113234833.html
105118482246,财富城 4室2厅 89.55平米,2025.01.20,https://sz.lianjia.com/chengjiao/105118482246.html
105119076264,金泓凯旋城二期 5室1厅 182.97平米,2025.01.19,https://sz.lianjia.com/chengjiao/105119076264.html
105118718560,龙华花半里花园 3室2厅 79.33平米,2025.01.19,https://sz.lianjia.com/chengjiao/105118718560.html
105119105248,绿景中城天邑花园 3室2厅 98.78平米,2025.01.19,https://sz.lianjia.com/chengjiao/105119105248.html
105118815555,星海名城二期七组团 3室2厅 102.61平米,2025.01.19,https://sz.lianjia.com/chengjiao/105118815555.html
105118997195,锦绣花园二期 4室2厅 179.95平米,2025.01.19,https://sz.lianjia.com/chengjiao/105118997195.html
105113189360,英郡假日广场 3室2厅 108.1平米,2025.01.19,https://sz.lianjia.com/chengjiao/105113189360.html
105119484052,澜湾花园 1室1厅 47.7平米,2025.01.19,https://sz.lianjia.com/chengjiao/105119484052.html
105117232611,风临左岸 3室2厅 95.23平米,2025.01.19,https://sz.lianjia.com/chengjiao/105117232611.html
105117868296,五十小区翠桐雅苑小区 1室1厅 33平米,2025.01.19,https://sz.lianjia.com/chengjiao/105117868296.html
105116443539,泰华花园 3室2厅 88.7平米,2025.01.19,https://sz.lianjia.com/chengjiao/105116443539.html
105115939035,西城品阁 1室0厅 37.24平米,2025.01.19,https://sz.lianjia.com/chengjiao/105115939035.html
105118662945,领航城领翔华府 4室2厅 174.25平米,2025.01.19,https://sz.lianjia.com/chengjiao/105118662945.html
105118687476,城市天地广场 1室1厅 52.92平米,2025.01.19,https://sz.lianjia.com/chengjiao/105118687476.html
105119461603,翰岭院 3室1厅 84.61平米,2025.01.19,https://sz.lianjia.com/chengjiao/105119461603.html
105114100455,龙光玖龙台 2室2厅 61.57平米,2025.01.19,https://sz.lianjia.com/chengjiao/105114100455.html
105111893882,华强城市花园一期 2室1厅 71.93平米,2025.01.19,https://sz.lianjia.com/chengjiao/105111893882.html
105119500106,罗湖金岸大厦 2室1厅 70平米,2025.01.19,https://sz.lianjia.com/chengjiao/105119500106.html
105118742981,万科星城 1室0厅 28.44平米,2025.01.19,https://sz.lianjia.com/chengjiao/105118742981.html
105118063877,莱蒙水榭春天5期 3室2厅 87.54平米,2025.01.19,https://sz.lianjia.com/chengjiao/105118063877.html
105117687621,龙光玖云著 2室1厅 50.57平米,2025.01.19,https://sz.lianjia.com/chengjiao/105117687621.html
105118826392,万科第五园一期 5室2厅 187.21平米,2025.01.19,https://sz.lianjia.com/chengjiao/105118826392.html
105111489624,潜龙曼海宁花园南区 2室1厅 67.42平米,2025.01.19,https://sz.lianjia.com/chengjiao/105111489624.html
105118805851,深铁瑞城 3室2厅 97.85平米,2025.01.19,https://sz.lianjia.com/chengjiao/105118805851.html
105118977123,美佳华首誉 4室1厅 139平米,2025.01.19,https://sz.lianjia.com/chengjiao/105118977123.html
105115173650,世界花园樱花居 3室2厅 94.54平米,2025.01.19,https://sz.lianjia.com/chengjiao/105115173650.html
105111741730,皇都广场 3室2厅 107.86平米,2025.01.19,https://sz.lianjia.com/chengjiao/105111741730.html
105118910432,深物业金领 2室1厅 64.57平米,2025.01.19,https://sz.lianjia.com/chengjiao/105118910432.html
105118834816,赛格公寓 1室1厅 44.16平米,2025.01.19,https://sz.lianjia.com/chengjiao/105118834816.html
105114942372,百仕达东郡 1室1厅 45.5平米,2025.01.19,https://sz.lianjia.com/chengjiao/105114942372.html
105116203531,碧湖春天 3室2厅 96.66平米,2025.01.19,https://sz.lianjia.com/chengjiao/105116203531.html
105119424015,现代之窗 1室1厅 49.88平米,2025.01.19,https://sz.lianjia.com/chengjiao/105119424015.html
